Month,Domain,DR_Target,Cost,Status,Notes
2025-01,ewhoringauthority.com,25,$50,PENDING,Primary money site network
2025-01,digitalpersonaguide.com,22,$45,PENDING,Tier 1 support domain
2025-01,monetizationmastery.com,20,$40,PENDING,Content pillar domain
2025-02,oranoliosystem.com,28,$65,ACQUIRED,Already purchased - main brand domain
2025-02,ewhoreblueprint.com,24,$55,PENDING,Conversion optimized domain
2025-02,facelessincome.com,21,$42,PENDING,OnlyFans alternative focus
2025-03,discordmonetization.com,26,$60,PENDING,Social platform targeting
2025-03,telegrammoney.com,23,$48,PENDING,Messaging app focus
2025-03,personaacademy.com,19,$35,PENDING,Educational positioning
2025-04,simpmagnet.com,27,$70,PENDING,Audience targeting domain
2025-04,catfishcash.com,25,$55,PENDING,Method-specific domain
2025-04,gfemoney.com,22,$45,PENDING,Niche monetization focus


